,Тексты,Мошеник
0,банк банк финансы технический технический заявка финансы технический технический заявка банкпартнёры доллары проверки финансы,Да
1,финансы банк финансы финансы технический технический банк технический банк банк доллары доллары доллары технический банк банк финансы финансы полном технический,Да
2,финансы технический заявка технический банк банк заявка технический технический заявка банк банк технический технический технический доллары финансы,Да
3,финансы доллары мошеннических технический банк банк технический банк доллары технический,Да
4,банк подана заявка банк финансы финансы банк технический доллары заявка подтверждаете,Да
5,заявка технический финансы доллары технический банк заявка технический финансы мошенничества,Да
6,подозревать технический технический паспортные доллары банк финансы утечка происходить доллары доллары банк финансы финансы банк заявка подавать банкпартнёры технический финансы экстренную,Да
7,доллары банк технический банк подтверждаете банк технический финансы перечисленных доллары доллары доллары доллары банк мошеннические,Да
8,технический технический финансы банк банк банк доллары банк заявка доллары финансы финансы,Да
9,технический финансы технический технический финансы заявка,Да
10,финансы технический банк банк банк банк доллары банк первым технический банк заявка финансы технический доллары финансы,Да
11,технический технический технический услуги финансы банк доллары финансы банк банк банк технический заявка финансы доллары доллары финансы финансы мошенников,Да
12,финансы голос банк заявка финансы технический доллары доллары банк технический заявка доллары технический банк доллары доллары технический финансы финансы уголовного банк банк банк доллары,Да
13,финансы технический технический технический технический банктехнический минут банк города банк,Да
14,технический технический технический банк технический банк технический передавали доллары доллары технический технический банктехнический,Да
15,финансы банк технический технический технический банктехнический финансы банк минут банк приостановлено технический технический банк банк,Да
16,технический технический технический банк финансы доллары доллары мобильных устройств банк финансы доллары доллары устройств пользовались банк технический доллары технический технический банк,Да
17,технический заявка банк технический технический финансы претензию доллары доллары технический доллары устройство банк заявка доллары технический технический банктехнический,Да
18,финансы банк технический последний доллары пользовались технический доллары банк финансы,Да
19,финансы технический финансы перевод банк финансы ии банк финансы доллары,Да
20,технический финансы заявка банк предотвращение мошеннических доллары технический перевод доллары технический банк пройти технический подтверждающую доллары правообладателя банк доллары технический доллары предоставить банк доллары финансы финансы банк пластиковой банк,Да
21,технический пользуетесь приложением мобильный банк технический заявка технический технический финансы технический продиктовать банк банк банк,Да
22,технический причину банк технический технический технический прохождения технический,Да
23,финансы технический финансы банк переведены банк финансы финансы ии банк,Да
24,технический технический финансы поступила заявка банк банк,Да
25,технический цифрой технический доллары,Да
26,технический банк доллары попал технический полиции технический технический технический заявка банк финансы перевести доллары банк указанные доллары,Да
27,технический технический приз технический заявка технический банк перевести доллары банк указанные доллары,Да
28,технический пришел доллары перевод финансы технический банк заявка финансы технический получить доллары банк банк доллары банк доллары подтверждения технический технический,Да
29,финансы финансы банк банк поступила финансы финансы банк технический доллары пришел технический доллары банк технический финансы,Да
30,доллары технический удобства доллары привяжем qrбанк госуслугам доллары продиктуйте банк финансы финансы,Да
31,финансы доллары поддержки банк финансы финансы мошенничества заявка приложение доллары технический финансы технический финансы финансы,Да
32,банкдолларыпапамама финансы технический технический банк технический уголовное доллары банк доллары,Да
33,банк технический финансы банк прибыль банк банк технический прошлом финансы доллары технический доллары финансы доллары банк финансы банк технический финансы банк банк банк финансы технический технический технический технический доллары,Нет
34,банк финансы доллары банк доллары заявка технический банк технический финансы технический банк банк доллары банк,Нет
35,банк проблема технический банк финансы технический технический банк заявка технический,Нет
36,банк технический финансы технический доллары банк финансы,Нет
37,финансы банк банк финансы банк,Нет
38,банк технический технический доллары банк доллары доллары банк доллары банк,Нет
39,банк процентные финансы технический предлагаете,Нет
40,технический технический финансы банк финансы технический,Нет
41,технический финансы финансы доллары банк банк технический технический банк доллары доллары доллары доллары,Нет
42,банк технический перевести доллары финансы финансы финансы финансы банк доллары,Нет
43,заявка технический банк технический банк банк финансы технический доллары финансы подскажите банк банк,Нет
44,банк банк финансы доллары доллары технический украли банк паспорт банк технический помощь банк,Нет
45,технический финансы банк банк банк финансы банк финансы финансы банк прямо финансы технический технический банк многолюдных местах,Нет
46,привет банк доллары банк доллары доллары технический доллары технический банк заявка доллары технический порядке,Нет
47,банк технический технический получить финансы доллары предпочитаете технический банк финансы мелкими банк,Нет
48,технический технический предупреждением просроченных правах штрафом заявка превышение финансы позаботьтесь банк банк технический технический прав банк технический заявка доллары,Нет
49,банк технический технический технический банк банк банк поддерживают повышение заявка банк банк предоставить технический доллары подъем,Нет
50,заявка финансы финансы банк финансы банк банк технический технический технический финансы просьбой перезвонить технический технический помочь,Нет
